,adult,backdrop_path,genre_ids,id,original_language,original_title,overview,popularity,poster_path,release_date,title,video,vote_average,vote_count
0,False,/44YfHklKam8COMUxDZop2Lnp0CS.jpg,"[28, 80, 53]",668489,en,Havoc,"When a drug heist swerves lethally out of control, a jaded cop fights his way through a corrupt city's criminal underworld to save a politician's son.",584.7785,/r46leE6PSzLR3pnVzaxx5Q30yUF.jpg,2025-04-25,Havoc,False,6.6,330
1,False,/fTrQsdMS2MUw00RnzH0r3JWHhts.jpg,"[28, 80, 53]",1197306,en,A Working Man,"Levon Cade left behind a decorated military career in the black ops to live a simple life working construction. But when his boss's daughter, who is like family to him, is taken by human traffickers, his search to bring her home uncovers a world of corruption far greater than he ever could have imagined.",581.2791,/xUkUZ8eOnrOnnJAfusZUqKYZiDu.jpg,2025-03-27,A Working Man,False,6.442,498
2,False,/2Nti3gYAX513wvhp8IiLL6ZDyOm.jpg,"[10751, 35, 12, 14]",950387,en,A Minecraft Movie,"Four misfits find themselves struggling with ordinary problems when they are suddenly pulled through a mysterious portal into the Overworld: a bizarre, cubic wonderland that thrives on imagination. To get back home, they'll have to master this world while embarking on a magical quest with an unexpected, expert crafter, Steve.",408.6823,/iPPTGh2OXuIv6d7cwuoPkw8govp.jpg,2025-04-03,A Minecraft Movie,False,6.2,765
3,False,/1AWjIUgbZYaKbwUH5qoJaKCcRkf.jpg,[99],1471014,en,Van Gogh by Vincent,"In a career that lasted only ten years, Vincent Van Gogh painted one subject more than any other: himself. This is the story of Vincent told using eight of his most iconic self-portraits.",389.5467,/z73X4WKZghBh5fri31o8P6vBEB2.jpg,2025-03-26,Van Gogh by Vincent,False,6.1,4
4,False,/Zes06xI18u47pblwRGTtqRm0R8.jpg,"[28, 53, 80, 18]",1276073,ja,新幹線大爆破,"When panic erupts on a Tokyo-bound bullet train that will explode if it slows below 100 kph, authorities race against time to save everyone on board.",326.4027,/qkTKtOHK9JEEOHgPQZ0dFtzs5ML.jpg,2025-04-23,Bullet Train Explosion,False,6.733,101
5,False,/op3qmNhvwEvyT7UFyPbIfQmKriB.jpg,"[28, 14, 12]",324544,en,In the Lost Lands,"A queen sends the powerful and feared sorceress Gray Alys to the ghostly wilderness of the Lost Lands in search of a magical power, where she and her guide, the drifter Boyce, must outwit and outfight both man and demon.",288.7711,/dDlfjR7gllmr8HTeN6rfrYhTdwX.jpg,2025-02-27,In the Lost Lands,False,6.319,304
6,False,/kFXtAwJYbRTqiyQpE9kDc8qEP3X.jpg,"[28, 53]",1225915,hi,ज्वेल थीफ: द हीस्ट बिगिन्स,"In this high-octane battle of wits and wills, ingenious con artist Rehan devises a diamond heist while trying to outsmart Rajan, his sadistic adversary.",271.0703,/eujLbO0kf1eqWC8XpHUJdtAVW2J.jpg,2025-04-25,Jewel Thief: The Heist Begins,False,6.765,17
7,False,/4eC0tsU9OxR3Adlo1yRJYUDraW9.jpg,"[28, 53]",1092899,en,The Siege,"International assassin Walker is compromised during a mission and sent to a reassignment center for a new identity. During his stay at the facility, a ruthless assault team storms the compound searching for someone their boss has lost. Walker begrudgingly falls in with skilled hitwoman Elda and her mysterious ward Juliet in order to survive the night.",248.6815,/hVh4hMzkXNLnScudbid6hDvjMPk.jpg,2023-03-10,The Siege,False,5.455,44
8,False,/bFmziv84NfEVEGTK8c6EVY3bxve.jpg,"[28, 80, 9648, 53]",1180906,en,Desert Dawn,A newly appointed small-town sheriff and his begrudging deputy get tangled up in a web of lies and corruption involving shady businessmen and the cartel while investigating the murder of a mysterious woman.,248.4328,/S21BfLrJSD9njucBfY3CKqp8rD.jpg,2025-05-15,Desert Dawn,False,0.0,0
9,False,/jhL4eTpccoZSVehhcR8DKLSBHZy.jpg,"[28, 53, 878]",822119,en,Captain America: Brave New World,"After meeting with newly elected U.S. President Thaddeus Ross, Sam finds himself in the middle of an international incident. He must discover the reason behind a nefarious global plot before the true mastermind has the entire world seeing red.",247.2469,/pzIddUEMWhWzfvLI3TwxUG2wGoi.jpg,2025-02-12,Captain America: Brave New World,False,6.2,1672
10,False,/oUgVgGaNqV9Y0Zdyjc1kCpzIe4G.jpg,"[27, 53]",1233413,en,Sinners,"Trying to leave their troubled lives behind, twin brothers return to their hometown to start again, only to discover that an even greater evil is waiting to welcome them back.",229.0284,/jYfMTSiFFK7ffbY2lay4zyvTkEk.jpg,2025-04-17,Sinners,False,7.6,465
11,False,/6dC7ULfiutxwEAs7LjWHL2Tc7Zv.jpg,"[27, 35]",1124620,en,The Monkey,"When twin brothers find a mysterious wind-up monkey, a series of outrageous deaths tear their family apart. Twenty-five years later, the monkey begins a new killing spree forcing the estranged brothers to confront the cursed toy.",208.1398,/yYa8Onk9ow7ukcnfp2QWVvjWYel.jpg,2025-02-14,The Monkey,False,5.882,536
12,False,/sQa299yggIkxfwKJFgzYwDdsC9t.jpg,"[878, 27, 53]",931349,en,Ash,A woman wakes up on a distant planet and finds the crew of her space station viciously killed. Her investigation into what happened sets in motion a terrifying chain of events.,185.4183,/5Oz39iyRuztiA8XqCNVDBuy2Ut3.jpg,2025-03-20,Ash,False,5.359,142
13,False,/1YMrOtrW7b4pL2lfD8UciZPOJGs.jpg,"[18, 53, 9648]",974576,en,Conclave,"After the unexpected death of the Pope, Cardinal Lawrence is tasked with managing the covert and ancient ritual of electing a new one. Sequestered in the Vatican with the Catholic Church’s most powerful leaders until the process is complete, Lawrence finds himself at the center of a conspiracy that could lead to its downfall.",165.2819,/l4WXg5oQPK6GVlISKQNIUGb8rKJ.jpg,2024-10-25,Conclave,False,7.209,2177
14,False,/ddIkmH3TpR6XSc47jj0BrGK5Rbz.jpg,"[10752, 28, 18]",374720,en,Dunkirk,"The story of the miraculous evacuation of Allied soldiers from Belgium, Britain, Canada and France, who were cut off and surrounded by the German army from the beaches and harbour of Dunkirk between May 26th and June 4th 1940 during World War II.",150.5864,/b4Oe15CGLL61Ped0RAS9JpqdmCt.jpg,2017-07-27,Dunkirk,False,7.45,16755
15,False,/k32XKMjmXMGeydykD32jfER3BVI.jpg,"[28, 9648, 18]",1045938,en,G20,"After the G20 Summit is overtaken by terrorists, President Danielle Sutton must bring all her statecraft and military experience to defend her family and her fellow leaders.",150.2027,/wv6oWAleCJZUk5htrGg413t3GCy.jpg,2025-04-09,G20,False,6.6,403
16,False,/svLj9iyRmmeNVRsMreANn7DPPZE.jpg,[27],1356236,en,Saint Catherine,An orphaned girl is rescued from a satanic ritual and taken to Saint Catherine Institute for homeless youth. There she will learn new skills while facing demons that stalk her.,143.6118,/hBJdzKPeDaC96AzlrtMWBomYSZV.jpg,2025-04-11,Saint Catherine,False,7.75,4
17,False,/bMdSmfI0qwpAkvhAL7sqpjmwgf4.jpg,"[878, 18]",335984,en,Blade Runner 2049,"Thirty years after the events of the first film, a new blade runner, LAPD Officer K, unearths a long-buried secret that has the potential to plunge what's left of society into chaos. K's discovery leads him on a quest to find Rick Deckard, a former LAPD blade runner who has been missing for 30 years.",143.5877,/gajva2L0rPYkEWjzgFlBXCAVBE5.jpg,2017-10-05,Blade Runner 2049,False,7.579,14075
18,False,/hdHIjZxq3SWFqpAz4NFhdbud0iz.jpg,"[27, 878]",348,en,Alien,"During its return to the earth, commercial spaceship Nostromo intercepts a distress signal from a distant planet. When a three-member team of the crew discovers a chamber containing thousands of eggs on the planet, a creature inside one of the eggs attacks an explorer. The entire crew is unaware of the impending nightmare set to descend upon them when the alien parasite planted inside its unfortunate host is birthed.",142.8897,/vfrQk5IPloGg1v9Rzbh2Eg3VGyM.jpg,1979-05-25,Alien,False,8.163,15238
19,False,/sNx1A3822kEbqeUxvo5A08o4N7o.jpg,"[28, 35, 53]",1195506,en,Novocaine,"When the girl of his dreams is kidnapped, everyman Nate turns his inability to feel pain into an unexpected strength in his fight to get her back.",139.3755,/xmMHGz9dVRaMY6rRAlEX4W0Wdhm.jpg,2025-03-12,Novocaine,False,6.888,642
20,False,/sNx1A3822kEbqeUxvo5A08o4N7o.jpg,"[28, 35, 53]",1195506,en,Novocaine,"When the girl of his dreams is kidnapped, everyman Nate turns his inability to feel pain into an unexpected strength in his fight to get her back.",125.4155,/xmMHGz9dVRaMY6rRAlEX4W0Wdhm.jpg,2025-03-12,Novocaine,False,6.893,644
21,False,/r4X2xRrWleVgx0kahP27xRmm3ia.jpg,"[27, 53]",1083968,en,Locked,"When Eddie breaks into a luxury SUV, he steps into a deadly trap set by William, a self-proclaimed vigilante delivering his own brand of twisted justice. With no means of escape, Eddie must fight to survive in a ride where escape is an illusion, survival is a nightmare, and justice shifts into high gear.",116.2046,/hhkiqXpfpufwxVrdSftzeKIANl3.jpg,2025-03-20,Locked,False,6.172,90
22,False,/rdxdvXQGqCj2Vb7SvTL8gdxlSzI.jpg,"[80, 53, 28]",870028,en,The Accountant 2,"When an old acquaintance is murdered, Wolff is compelled to solve the case. Realizing more extreme measures are necessary, Wolff recruits his estranged and highly lethal brother, Brax, to help. In partnership with Treasury Agent Marybeth Medina, they uncover a deadly conspiracy, becoming targets of a ruthless network of killers who will stop at nothing to keep their secrets buried.",128.1468,/kMDUS7VmFhb2coRfVBoGLR8ADBt.jpg,2025-04-23,The Accountant 2,False,7.312,85
23,False,/1w8kutrRucTd3wlYyu5QlUDMiG1.jpg,"[12, 10751, 16]",762509,en,Mufasa: The Lion King,"Mufasa, a cub lost and alone, meets a sympathetic lion named Taka, the heir to a royal bloodline. The chance meeting sets in motion an expansive journey of a group of misfits searching for their destiny.",126.0513,/lurEK87kukWNaHd0zYnsi3yzJrs.jpg,2025-03-26,Mufasa: The Lion King,False,7.413,2036
24,False,/eDBZN0TbWkxoAB0qIDFagVcPPTN.jpg,"[27, 14, 35, 12]",1153714,en,Death of a Unicorn,"A father and daughter accidentally hit and kill a unicorn while en route to a weekend retreat, where his billionaire boss seeks to exploit the creature’s miraculous curative properties.",199.7943,/lXR32JepFwD1UHkplWqtBP1K79z.jpg,2025-03-27,Death of a Unicorn,False,6.119,101
25,False,/zo8CIjJ2nfNOevqNajwMRO6Hwka.jpg,"[16, 12, 10751, 35]",1241982,en,Moana 2,"After receiving an unexpected call from her wayfinding ancestors, Moana journeys alongside Maui and a new crew to the far seas of Oceania and into dangerous, long-lost waters for an adventure unlike anything she's ever faced.",114.873,/aLVkiINlIeCkcZIzb7XHzPYgO6L.jpg,2025-03-12,Moana 2,False,7.077,2300
26,False,/zOpe0eHsq0A2NvNyBbtT6sj53qV.jpg,"[28, 878, 35, 10751]",939243,en,Sonic the Hedgehog 3,"Sonic, Knuckles, and Tails reunite against a powerful new adversary, Shadow, a mysterious villain with powers unlike anything they have faced before. With their abilities outmatched in every way, Team Sonic must seek out an unlikely alliance in hopes of stopping Shadow and protecting the planet.",116.0265,/d8Ryb8AunYAuycVKDp5HpdWPKgC.jpg,2024-12-19,Sonic the Hedgehog 3,False,7.725,2488
27,False,/1hBtO9tXP60IFBZD27OsbaBmxs5.jpg,"[37, 28]",1414048,en,Day of Reckoning,"Put-upon lawman John Dorsey is on the verge of losing his wife and his job as sheriff, so he posses up with bullish U.S. Marshall Butch Hayden to hold outlaw Emily Rusk hostage. A battle of wills ensues as Emily turns the posse on themselves, but as her marauding husband and his gang approach, Emily and John realize they will need each other to survive.",196.0143,/cVSjSQryFUERYSdOmdgJ2m0eBte.jpg,2025-03-28,Day of Reckoning,False,5.438,8
28,False,/aPEhtVLrZRnJufKHwbHgqwirv7J.jpg,"[28, 12, 14]",297762,en,Wonder Woman,An Amazon princess comes to the world of Man in the grips of the First World War to confront the forces of evil and bring an end to human conflict.,137.0667,/v4ncgZjG2Zu8ZW5al1vIZTsSjqX.jpg,2017-05-30,Wonder Woman,False,7.216,20185
29,False,/hgTTonx5TLeIvwbFUGMsKYqsd4J.jpg,[18],376867,en,Moonlight,"The tender, heartbreaking story of a young man’s struggle to find himself, told across three defining chapters in his life as he experiences the ecstasy, pain, and beauty of falling in love, while grappling with his own sexuality.",102.4949,/rcICfiL9fvwRjoWHxW8QeroLYrJ.jpg,2016-10-21,Moonlight,False,7.4,7155
30,False,/vNUwK5P42m81uG57kKI1WxSZwIQ.jpg,"[35, 10749]",1403735,te,లైలా,"Sonu Model, a renowned beautician from the old city, is forced to disguise himself as Laila, leading to a series of comedic, romantic, and action-packed events. Chaos ensues in this hilarious laugh riot",109.2595,/l4gsNxFPGpzbq0D6QK1a8vO1lBz.jpg,2025-02-14,Laila,False,5.0,3
31,False,/zksO4lVnRKRoaSYzh2EDn2Z3Pel.jpg,"[37, 28]",1293286,en,Gunslingers,"When the most wanted man in America surfaces in a small Kentucky town, his violent history -- and a blood-thirsty mob seeking vengeance and a king’s ransom -- soon follow. As brothers face off against one another and bullets tear the town to shreds, this lightning-fast gunslinger makes his enemies pay the ultimate price for their greed.",98.084,/O7REXWPANWXvX2jhQydHjAq2DV.jpg,2025-04-11,Gunslingers,False,6.543,46
32,False,/3lEV4CoKoeT2cZ4fbKEJugZcw6Z.jpg,"[27, 9648]",1244944,en,The Woman in the Yard,"In the aftermath of her husband's death, widow Ramona's struggle to raise her two kids is hindered by the arrival of a mysterious woman with supernatural abilities.",95.6412,/n0WS2TsNcS6dtaZKzxipyO7LuCJ.jpg,2025-03-27,The Woman in the Yard,False,6.139,115
33,False,/6GGsUgmef5MIfJnnp2fGvkFWRg6.jpg,"[10749, 35, 18]",1059073,en,Winter Spring Summer or Fall,"Remi and Barnes, two very different teenagers, meet by chance in the winter of their senior year, then spend four  days together over the course of a year that will change their lives forever.",103.2058,/mEPi5ISa5RmzpzeDfwkhX0CcNsf.jpg,2024-12-27,Winter Spring Summer or Fall,False,7.1,61
34,False,/2CcMG34v4PCynvxwmBUwVtNqsKL.jpg,"[9648, 53]",1249213,en,Drop,"Violet, a widowed mother on her first date in years, arrives at an upscale restaurant where she is relieved that her date, Henry, is more charming and handsome than she expected. But their chemistry begins to curdle as Violet begins being irritated and then terrorized by a series of anonymous drops to her phone.",136.0832,/dS2S5lpfgRIRQOb7LDCjNsQqKjp.jpg,2025-04-10,Drop,False,6.594,176
35,False,/mDfJG3LC3Dqb67AZ52x3Z0jU0uB.jpg,"[12, 28, 878]",299536,en,Avengers: Infinity War,"As the Avengers and their allies have continued to protect the world from threats too large for any one hero to handle, a new danger has emerged from the cosmic shadows: Thanos. A despot of intergalactic infamy, his goal is to collect all six Infinity Stones, artifacts of unimaginable power, and use them to inflict his twisted will on all of reality. Everything the Avengers have fought for has led up to this moment - the fate of Earth and existence itself has never been more uncertain.",78.8835,/7WsyChQLEftFiDOVTGkv3hFpyyt.jpg,2018-04-26,Avengers: Infinity War,False,8.235,30468
36,False,/qAzYK4YPSWDc7aa4R43LcwRIAyb.jpg,"[28, 12, 878]",299537,en,Captain Marvel,"The story follows Carol Danvers as she becomes one of the universe’s most powerful heroes when Earth is caught in the middle of a galactic war between two alien races. Set in the 1990s, Captain Marvel is an all-new adventure from a previously unseen period in the history of the Marvel Cinematic Universe.",100.743,/AtsgWhDnHTq68L0lLsUrCnM7TjG.jpg,2019-03-06,Captain Marvel,False,6.802,15995
37,False,/fZFSvqWsN8bQiwVmJmcgeoL9awe.jpg,"[28, 12, 18, 10751]",38575,en,The Karate Kid,"Twelve-year-old Dre Parker could have been the most popular kid in Detroit, but his mother's latest career move has landed him in China. Dre immediately falls for his classmate Mei Ying but the cultural differences make such a friendship impossible. Even worse, Dre's feelings make him an enemy of the class bully, Cheng. With no friends in a strange land, Dre has nowhere to turn but maintenance man Mr. Han, who is a kung fu master. As Han teaches Dre that kung fu is not about punches and parries, but maturity and calm, Dre realizes that facing down the bullies will be the fight of his life.",79.3344,/qV8xTWfknTOSErSa0b9Iay2QztS.jpg,2010-06-10,The Karate Kid,False,6.548,6150
38,False,/b5QnSrjDRHUFg3hpjmwBwsJfzyP.jpg,"[14, 28, 53, 878]",346672,en,Underworld: Blood Wars,"Vampire death dealer Selene fends off brutal attacks from both the Lycan clan and the Vampire faction that betrayed her. With her only allies, David and his father Thomas, she must stop the eternal war between Lycans and Vampires, even if it means she has to make the ultimate sacrifice.",118.8398,/v1ciDCWMG47gdT4kMyjyQbnLQQn.jpg,2016-11-24,Underworld: Blood Wars,False,5.897,3740
39,False,/5g9wIe8Q8GFPdVLSmC372gvZfci.jpg,"[27, 53, 35]",1055451,en,Founders Day,A small town is shaken by a series of ominous killings in the days leading up to a heated mayoral election.,84.1852,/ohzLPC9lHUWseBgB7HRcz0GBkFb.jpg,2024-01-19,Founders Day,False,4.5,45
40,False,/7TF4p86ZafnxFuNqWdhpHXFO244.jpg,"[18, 80]",769,en,GoodFellas,"The true story of Henry Hill, a half-Irish, half-Sicilian Brooklyn kid who is adopted by neighbourhood gangsters at an early age and climbs the ranks of a Mafia family under the guidance of Jimmy Conway.",90.1712,/aKuFiU82s5ISJpGZp7YkIr3kCUd.jpg,1990-09-12,GoodFellas,False,8.455,13332
41,False,/3xKJ0nyUTlySmMBCpOcsuSnFPI1.jpg,"[27, 9648]",1232546,en,Until Dawn,"One year after her sister Melanie mysteriously disappeared, Clover and her friends head into the remote valley where she vanished in search of answers. Exploring an abandoned visitor center, they find themselves stalked by a masked killer and horrifically murdered one by one…only to wake up and find themselves back at the beginning of the same evening.",84.7495,/6O9nkcmZBymDXtxOGJmulqcxJdv.jpg,2025-04-23,Until Dawn,False,6.448,96
42,False,/lNQD8NdJ37winY0xEwjp9hUFqLX.jpg,"[16, 10751]",1189423,en,The Sloth Lane,"After a terrifying storm destroys their home, a speedy sloth named Laura and her kooky family move to the big city in their rusted old food truck, Gordito, hoping to make their business a success. The family's delicious food catches the eye of a quick-witted cheetah who will stop at nothing to revive her failing fast-food business.",87.3288,/toBN1A9AnhoUzXyu9gaVyQVJehp.jpg,2024-07-25,The Sloth Lane,False,6.321,14
43,False,/hNA73rnG4PjSwgojaC2gbO1f8Rt.jpg,"[878, 35, 12]",696506,en,Mickey 17,"Unlikely hero Mickey Barnes finds himself in the extraordinary circumstance of working for an employer who demands the ultimate commitment to the job… to die, for a living.",71.982,/edKpE9B5qN3e559OuMCLZdW1iBZ.jpg,2025-04-10,Mickey 17,False,6.909,1785
44,False,/hmMnCqNnHPvQhuxynSVAqQWmQVK.jpg,"[53, 9648, 18, 80]",346685,en,The Girl on the Train,"Rachel Watson, devastated by her recent divorce, spends her daily commute fantasizing about the seemingly perfect couple who live in a house that her train passes every day, until one morning she sees something shocking happen there and becomes entangled in the mystery that unfolds.",100.792,/AhTO2QWG0tug7yDoh0XoaMhPt3J.jpg,2016-10-05,The Girl on the Train,False,6.442,5774
45,False,/2TtpJq1PbeQ36E5FnHVX4O6hVvu.jpg,"[28, 53]",1125899,en,Cleaner,"When a group of radical activists take over an energy company's annual gala, seizing 300 hostages, an ex-soldier turned window cleaner suspended 50 storeys up on the outside of the building must save those trapped inside, including her younger brother.",73.5716,/mwzDApMZAGeYCEVjhegKvCzDX0W.jpg,2025-02-19,Cleaner,False,6.607,234
46,False,/eSVu1FvGPy86TDo4hQbpuHx55DJ.jpg,"[28, 12, 878]",700391,en,65,"65 million years ago, the only 2 survivors of a spaceship from Somaris that crash-landed on Earth, must fend off dinosaurs to reach the escape vessel in time before an imminent asteroid strike threatens to destroy the planet.",100.5492,/rzRb63TldOKdKydCvWJM8B6EkPM.jpg,2023-03-02,65,False,5.979,2535
47,False,/g9ROrZey0JYp7kf8DoAyZtKnObj.jpg,[27],377,en,A Nightmare on Elm Street,"Teenagers in a small town are dropping like flies, apparently in the grip of mass hysteria causing their suicides. A cop's daughter, Nancy Thompson, traces the cause to child molester Fred Krueger, who was burned alive by angry parents many years before. Krueger has now come back in the dreams of his killers' children, claiming their lives as his revenge. Nancy and her boyfriend, Glen, must devise a plan to lure the monster out of the realm of nightmares and into the real world...",86.924,/wGTpGGRMZmyFCcrY2YoxVTIBlli.jpg,2008-10-03,A Nightmare on Elm Street,False,7.333,5297
48,False,/qiVrapzgrDO7c6yQTSvn0dhwsn8.jpg,"[10749, 18]",1252309,es,Pídeme lo que quieras,"After his father's death, Eric Zimmerman travels to Spain to oversee his company's branches. In Madrid, he falls for Judith and engage in an intense, erotic relationship full of exploration. However, Eric fears his secret may end their affair.",73.9414,/k82T5L1utX1G2LhNWeza9nGUKPk.jpg,2024-11-29,Ask Me What You Want,False,5.931,152
49,False,/hwlyY7LJdEFbCPaGNXiskKKmJ5X.jpg,"[28, 53]",1126166,en,Flight Risk,"A U.S. Marshal escorts a government witness to trial after he's accused of getting involved with a mob boss, only to discover that the pilot who is transporting them is also a hitman sent to assassinate the informant. After they subdue him, they're forced to fly together after discovering that there are others attempting to eliminate them.",73.9374,/q0bCG4NX32iIEsRFZqRtuvzNCyZ.jpg,2025-01-22,Flight Risk,False,6.108,664
50,False,/xb9wpY31SeVZbfkevYuolhfV63w.jpg,"[10751, 14]",447273,en,Snow White,"Following the benevolent King's disappearance, the Evil Queen dominated the once fair land with a cruel streak. Princess Snow White flees the castle when the Queen, in her jealousy over Snow White's inner beauty, tries to kill her. Deep into the dark woods, she stumbles upon seven magical dwarves and a young bandit named Jonathan. Together, they strive to survive the Queen's relentless pursuit and aspire to take back the kingdom in the process.",73.2387,/oLxWocqheC8XbXbxqJ3x422j9PW.jpg,2025-03-19,Snow White,False,4.6,598
51,False,/xpTHHojJnJQgavgMw5OQYUzuNIU.jpg,"[27, 9648]",2667,en,The Blair Witch Project,"In October of 1994 three student filmmakers disappeared in the woods near Burkittsville, Maryland, while shooting a documentary. A year later their footage was found.",54.1612,/9050VGrYjYrEjpOvDZVAngLbg1f.jpg,2016-10-11,The Blair Witch Project,False,6.351,5008
52,False,/1xhcEecvRJXQ2OAVO7l9btlrN6D.jpg,"[27, 878]",667216,en,Infinity Pool,"While staying at an isolated island resort, James and Em are enjoying a perfect vacation of pristine beaches, exceptional staff, and soaking up the sun. But guided by the seductive and mysterious Gabi, they venture outside the resort grounds and find themselves in a culture filled with violence, hedonism, and untold horror. A tragic accident leaves them facing a zero tolerance policy for crime: either you'll be executed, or, if you’re rich enough to afford it, you can watch yourself die instead.",59.6157,/cQKyNm0Nz6KWiDBQF9w4aZAmOfC.jpg,2023-01-27,Infinity Pool,False,6.063,854
53,False,/QNo0appKGKLAsBXVkU64fXwOtj.jpg,[27],1321952,es,Tu Sangre,"My mother vanished inside the boarding school where she worked. Through a Ouija board, she told me to look for her. My name is Sofia. I'm 14 years old and I'm going to enroll at the boarding school to find the body of my mother.",71.6696,/kYbd7M1dk2xadHd2WczQRmO28uJ.jpg,2024-10-31,"Sofia, the Possession",False,7.429,7
54,False,/lljZTHeXJ3mNt3IC5Kh7MPXVKeZ.jpg,"[27, 35, 14]",1201176,en,Easter Bloody Easter,A woman must protect her small town from the Jackalope (based on the mythical rabbit-antelope creature of North American folklore) and his army of devilish bunnies as they embark on a murder spree over the Easter weekend.,57.7829,/8tGYZlPttiOjEe61GvszRcrnpEi.jpg,2024-03-25,Easter Bloody Easter,False,4.5,6
55,False,/tPpYGm2mVecue7Bk3gNVoSPA5qn.jpg,"[28, 12, 878, 18]",315635,en,Spider-Man: Homecoming,"Following the events of Captain America: Civil War, Peter Parker, with the help of his mentor Tony Stark, tries to balance his life as an ordinary high school student in Queens, New York City, with fighting crime as his superhero alter ego Spider-Man as a new threat, the Vulture, emerges.",61.716,/c24sv2weTHPsmDa7jEMN0m2P3RT.jpg,2017-07-05,Spider-Man: Homecoming,False,7.331,22170
56,False,/jEVli6w9HNFjVMwJyzNH2bPMx7G.jpg,"[27, 53]",343674,en,Gerald's Game,"When her husband's sex game goes wrong, Jessie (who is handcuffed to a bed in a remote lake house) faces warped visions, dark secrets and a dire choice.",90.3732,/32dippiypDdaKv7XFEfUlQ7kPup.jpg,2017-09-29,Gerald's Game,False,6.394,3714
57,False,/ibF5XVxTzf1ayzZrmiJqgeQ39Qk.jpg,"[28, 10752]",1373723,en,The Codes of War,"War stories about family, ethics and honor include the true story of two U.S. Marines who in a span of six seconds, must stand their ground to stop a suicide truck bomb, a Navy Corpsman who attempts to hold on to his humanity, and a WW2 soldier who gets separated from his squad and is forced to re-evaluate his code.",63.8189,/oXeiQAfRK90pxxhP5iKPXQqAIN1.jpg,2025-03-20,The Codes of War,False,6.2,59
58,False,/by8z9Fe8y7p4jo2YlW2SZDnptyT.jpg,"[28, 35, 878]",533535,en,Deadpool & Wolverine,"A listless Wade Wilson toils away in civilian life with his days as the morally flexible mercenary, Deadpool, behind him. But when his homeworld faces an existential threat, Wade must reluctantly suit-up again with an even more reluctant Wolverine.",67.4983,/8cdWjvZQUExUUTzyp4t6EDMubfO.jpg,2024-07-25,Deadpool & Wolverine,False,7.599,7141
59,False,/9nhjGaFLKtddDPtPaX5EmKqsWdH.jpg,"[10749, 878, 53]",950396,en,The Gorge,"Two highly-trained operatives are appointed to posts in guard towers on opposite sides of a vast and highly classified gorge, protecting the world from an undisclosed, mysterious evil that lurks within. They bond from a distance while trying to stay vigilant in defending against an unseen enemy. When the cataclysmic threat to humanity is revealed to them, they must work together in a test of both their physical and mental strength to keep the secret in the gorge before it’s too late.",68.5436,/7iMBZzVZtG0oBug4TfqDb9ZxAOa.jpg,2025-02-14,The Gorge,False,7.727,2482
60,False,/1TUg5pO1VZ4B0Q1amk3OlXvlpXV.jpg,"[12, 18, 10751, 16]",420818,en,The Lion King,"Simba idolizes his father, King Mufasa, and takes to heart his own royal destiny. But not everyone in the kingdom celebrates the new cub's arrival. Scar, Mufasa's brother—and former heir to the throne—has plans of his own. The battle for Pride Rock is ravaged with betrayal, tragedy and drama, ultimately resulting in Simba's exile. With help from a curious pair of newfound friends, Simba will have to figure out how to grow up and take back what is rightfully his.",60.9312,/dzBtMocZuJbjLOXvrl4zGYigDzh.jpg,2019-07-18,The Lion King,False,7.111,10337
61,False,/3V4kLQg0kSqPLctI5ziYWabAZYF.jpg,"[28, 878, 12]",912649,en,Venom: The Last Dance,"Eddie and Venom are on the run. Hunted by both of their worlds and with the net closing in, the duo are forced into a devastating decision that will bring the curtains down on Venom and Eddie's last dance.",69.6583,/vGXptEdgZIhPg3cGlc7e8sNPC2e.jpg,2024-10-24,Venom: The Last Dance,False,6.77,3245
62,False,/eeMoFKxjjiCi6iep2GEZtSAMYIr.jpg,"[18, 878]",19,de,Metropolis,"In a futuristic city sharply divided between the rich and the poor, the son of the city's mastermind meets a prophet who predicts the coming of a savior to mediate their differences.",83.7182,/vZIJxGnjcswPCAa52jhbl01FQkV.jpg,1927-02-06,Metropolis,False,8.109,2850
63,False,/5AhkjcqqRxBdpYZ0TeOuTCuOUYq.jpg,"[80, 53, 18]",429200,en,Good Time,"After a botched bank robbery lands his younger brother in prison, Connie Nikas embarks on a twisted odyssey through New York City's underworld to get his brother Nick out of jail.",81.0002,/yE1c9hj5Hf8a9KplAdRdhADqUro.jpg,2017-08-11,Good Time,False,7.2,2884
64,False,/qpPFF8Sed5lkXngWraJdN8WkwDG.jpg,"[35, 18]",2108,en,The Breakfast Club,"Five high school students from different walks of life endure a Saturday detention under a power-hungry principal. The disparate group includes rebel John, princess Claire, outcast Allison, brainy Brian and Andrew, the jock. Each has a chance to tell his or her story, making the others see them a little differently -- and when the day ends, they question whether school will ever be the same.",84.3031,/wM9ErA8UVdcce5P4oefQinN8VVV.jpg,1985-02-15,The Breakfast Club,False,7.735,8134
65,False,/l2iY1AgqQ8dEa3FtWkN5TQ5aVbU.jpg,"[53, 9648]",1092,en,The Third Man,"In postwar Vienna, Austria, Holly Martins, a writer of pulp Westerns, arrives penniless as a guest of his childhood chum Harry Lime, only to learn he has died. Martins develops a conspiracy theory after learning of a ""third man"" present at the time of Harry's death, running into interference from British officer Major Calloway, and falling head-over-heels for Harry's grief-stricken lover, Anna.",87.9711,/rO2Fq0AZZx9obs52KJdx4mRE8p5.jpg,1949-08-31,The Third Man,False,7.916,1937
66,False,/oz4U9eA6ilYf1tyiVuGmkftdLac.jpg,"[10749, 18]",1010581,es,Culpa mía,"Noah must leave her city, boyfriend, and friends to move into William Leister's mansion, the flashy and wealthy husband of her mother Rafaela. As a proud and independent 17 year old, Noah resists living in a mansion surrounded by luxury. However, it is there where she meets Nick, her new stepbrother, and the clash of their strong personalities becomes evident from the very beginning.",64.5658,/w46Vw536HwNnEzOa7J24YH9DPRS.jpg,2023-06-08,My Fault,False,7.817,3665
67,False,/2w4xG178RpB4MDAIfTkqAuSJzec.jpg,"[12, 28, 878]",11,en,Star Wars,Princess Leia is captured and held hostage by the evil Imperial forces in their effort to take over the galactic Empire. Venturesome Luke Skywalker and dashing captain Han Solo team together with the loveable robot duo R2-D2 and C-3PO to rescue the beautiful princess and restore peace and justice in the Empire.,59.4407,/6FfCtAuVAW8XJjZ7eWeLibRLWTw.jpg,1977-05-25,Star Wars,False,8.204,21107
68,False,/deUWVEgNh2IGjShyymZhaYP40ye.jpg,"[28, 12, 53]",1356039,es,Contraataque,"When a hostage rescue mission creates a new enemy, Capt. Guerrero and his elite soldiers must face an ambush by a criminal group.",63.2033,/38I76hGcFY6xB47pjm7pZwkfuAF.jpg,2025-02-28,Counterattack,False,8.361,660
69,False,/cq9N64ucEtfIc3eMxNr1VzY9LH9.jpg,[18],37799,en,The Social Network,"In 2003, Harvard undergrad and computer programmer Mark Zuckerberg begins work on a new concept that eventually turns into the global social network known as Facebook. Six years later, Mark is one of the youngest billionaires ever, but his unprecedented success leads to both personal and legal complications when he ends up on the receiving end of two lawsuits, one involving his former friend.",74.3108,/n0ybibhJtQ5icDqTp8eRytcIHJx.jpg,2010-10-28,The Social Network,False,7.369,12401
70,False,/gJduZE3cAmLVQknEfiR5t0vT4Ie.jpg,"[27, 53]",1096838,en,Here After,"When her teen daughter displays increasingly disturbing behavior after a near death experience, a mother becomes convinced the girl brought something evil back from the other side.",53.9833,/by3EEDIVTdhNJolYK2Msn1RHRFH.jpg,2024-07-25,Here After,False,5.202,62
71,False,/VMcoVn1iEwGK7OWTTpP4DDe0oI.jpg,"[27, 35, 878]",10925,en,The Return of the Living Dead,"When foreman Frank shows new employee Freddy a secret military experiment in a supply warehouse in Louisville, Kentucky, the two klutzes accidentally release a gas that reanimates corpses into flesh-eating zombies. As the epidemic spreads throughout the town, and the creatures satisfy their hunger in gory and outlandish ways, Frank and Freddy fight to survive with the help of their boss and a mysterious mortician.",79.3513,/qVTFBabgnWz4jZ8wOQRYZI5EITF.jpg,1985-04-25,The Return of the Living Dead,False,7.186,2127
72,False,/uU1Mt4JWhDvl4vKb3AfxNsorkoM.jpg,"[10751, 14, 10749]",321612,en,Beauty and the Beast,A live-action adaptation of Disney's version of the classic tale of a cursed prince and a beautiful young woman who helps him break the spell.,56.4883,/hKegSKIDep2ewJWPUQD7u0KqFIp.jpg,2017-03-16,Beauty and the Beast,False,6.971,15607
73,False,/kYqEsUtilXXcb7FDfGIUaDq7j5F.jpg,"[53, 35]",1101401,en,Sugar Baby,"An enterprising Sugar Baby is offered $30,000 to move in with her Sugar Daddy for the week, but soon discovers the sinister secrets trapped within his home.",61.1358,/z7NyxmdJ1ypn3Y6BVizjGODuBdO.jpg,2024-10-15,Sugar Baby,False,6.038,13
74,False,/is9bmV6uYXu7LjZGJczxrjJDlv8.jpg,"[28, 12]",1229730,fr,Carjackers,"By day, they're invisible—valets, hostesses, and bartenders at a luxury hotel. By night, they're the Carjackers, a crew of skilled drivers who track and rob wealthy clients on the road. As they plan their ultimate heist, the hotel director hires a ruthless hitman, to stop them at all costs. With danger closing in, can Nora, Zoe, Steve, and Prestance pull off their biggest score yet?",59.4382,/wbkPMTz2vVai7Ujyp0ag7AM9SrO.jpg,2025-03-27,Carjackers,False,6.158,165
75,False,/1ddf2Kq1hC7SgV02E3pyLAC26lq.jpg,"[18, 14, 878]",339967,en,Colossal,A woman discovers that severe catastrophic events are somehow connected to the mental breakdown from which she's suffering.,80.834,/4VOyofBd1pexblxtDZYtYIk7NI4.jpg,2017-04-06,Colossal,False,6.281,2121
76,False,/i1gu3Pz0neavRcPs6XVmnEb1elS.jpg,"[27, 9648, 53]",359246,en,Hell House LLC,"Five years after an unexplained malfunction causes the death of 15 tour-goers and staff on the opening night of a Halloween haunted house tour, a documentary crew travels back to the scene of the tragedy to find out what really happened.",51.1705,/cWVsgCuLaPub8wD5cMBVIxFZaVc.jpg,2015-10-16,Hell House LLC,False,6.5,512
77,False,/sGqqnvOqJg2HDHrjtCPIlCwF4Mu.jpg,"[28, 53]",423204,en,Angel Has Fallen,"After a treacherous attack, Secret Service agent Mike Banning is charged with attempting to assassinate President Trumbull. Chased by his own colleagues and the FBI, Banning begins a race against the clock to clear his name.",73.3135,/fapXd3v9qTcNBTm39ZC4KUVQDNf.jpg,2019-08-21,Angel Has Fallen,False,6.594,3600
78,False,/2T4bqHgYfzXNQoALJsvhW40kDTg.jpg,"[10749, 18, 36]",167073,en,Brooklyn,"In 1950s Ireland and New York, young Eilis Lacey has to choose between two men and two countries.",55.9485,/cs7W8j5lI7qzRW6tKSj9p1Q0Ze7.jpg,2015-10-20,Brooklyn,False,7.313,3123
79,False,/wmqpE7p2dUCEgCnovuovoNXaCXr.jpg,"[27, 14, 53, 9648, 28]",1353117,en,Home Sweet Home: Rebirth,"When a city is overrun with a demonically-possessed crowd, a cop must find the source of evil to save his family.",58.1075,/9rCBCm9cyI4JfLEhx3EncyncMR3.jpg,2025-03-20,Home Sweet Home: Rebirth,False,6.545,55
80,False,/5Iw7zQTHVRBOYpA0V6z0yypOPZh.jpg,"[12, 28, 878]",181808,en,Star Wars: The Last Jedi,"Rey develops her newly discovered abilities with the guidance of Luke Skywalker, who is unsettled by the strength of her powers. Meanwhile, the Resistance prepares to do battle with the First Order.",51.595,/kOVEVeg59E0wsnXmF9nrh6OmWII.jpg,2017-12-13,Star Wars: The Last Jedi,False,6.779,15576
81,False,/aJn9XeesqsrSLKcHfHP4u5985hn.jpg,"[878, 12, 28]",283995,en,Guardians of the Galaxy Vol. 2,The Guardians must fight to keep their newfound family together as they unravel the mysteries of Peter Quill's true parentage.,51.6775,/y4MBh0EjBlMuOzv9axM4qJlmhzz.jpg,2017-04-19,Guardians of the Galaxy Vol. 2,False,7.612,21930
82,False,/3q35nBLCIdEbxYfsr7D5ocYQXKz.jpg,"[18, 10751, 14]",1585,en,It's a Wonderful Life,"A holiday favourite for generations...  George Bailey has spent his entire life giving to the people of Bedford Falls.  All that prevents rich skinflint Mr. Potter from taking over the entire town is George's modest building and loan company.  But on Christmas Eve the business's $8,000 is lost and George's troubles begin.",67.3359,/bSqt9rhDZx1Q7UZ86dBPKdNomp2.jpg,1946-12-20,It's a Wonderful Life,False,8.277,4484
83,False,/chAGSv4DB9s3fsgULpSZQLN7LgN.jpg,"[27, 53]",514593,en,You Should Have Left,"In an effort to repair their relationship, a couple books a vacation in the countryside for themselves and their daughter. What starts as a perfect retreat begins to fall apart as one loses their grip on reality, and a sinister force tries to tear them apart.",66.5275,/tpOwE6xsWnu4lKeKbKW0R3iClM.jpg,2020-06-18,You Should Have Left,False,6.093,860
84,False,/lgkPzcOSnTvjeMnuFzozRO5HHw1.jpg,"[16, 10751, 35, 878]",519182,en,Despicable Me 4,"Gru and Lucy and their girls—Margo, Edith and Agnes—welcome a new member to the Gru family, Gru Jr., who is intent on tormenting his dad. Gru also faces a new nemesis in Maxime Le Mal and his femme fatale girlfriend Valentina, forcing the family to go on the run.",63.5406,/wWba3TaojhK7NdycRhoQpsG0FaH.jpg,2024-07-04,Despicable Me 4,False,7.047,2731
85,False,/pD5Z6YglDNcRhcrCJKDhJlbGzni.jpg,"[36, 10402, 18]",279,en,Amadeus,Disciplined Italian composer Antonio Salieri becomes consumed by jealousy and resentment towards the hedonistic and remarkably talented young Viennese composer Wolfgang Amadeus Mozart.,69.7467,/1n5VUlCqgmVax1adxGZm8oCFaKc.jpg,1984-09-19,Amadeus,False,8.024,4390
86,False,/dTGECn8He16tZeBHQTLf6rVydE8.jpg,"[80, 53, 18]",302946,en,The Accountant,"As a math savant uncooks the books for a new client, the Treasury Department closes in on his activities and the body count starts to rise.",59.7731,/fceheXB5fC4WrLVuWJ6OZv9FXYr.jpg,2016-10-13,The Accountant,False,7.101,6469
87,False,/e807jDKiFcntZS32ze88X6I96OD.jpg,"[16, 28]",1297763,ja,ニンジャバットマン対ヤクザリーグ,"The Batman family has returned to the present to discover that Japan has disappeared, and a giant island - Hinomoto - is now in the sky over Gotham City.  At the top sit the Yakuza, a group of superpowered individuals who reign without honor or humanity and look suspiciously like the Justice League. Now, it’s up to Batman and his allies to save Gotham!",56.182,/sVVT6GYFErVv0Lcc9NvqCu0iOxO.jpg,2025-03-17,Batman Ninja vs. Yakuza League,False,6.642,151
88,False,/6azpBJGcLx9SKif8h9VMnflBfa.jpg,"[28, 12, 878]",497698,en,Black Widow,"Natasha Romanoff, also known as Black Widow, confronts the darker parts of her ledger when a dangerous conspiracy with ties to her past arises. Pursued by a force that will stop at nothing to bring her down, Natasha must deal with her history as a spy and the broken relationships left in her wake long before she became an Avenger.",67.2948,/kwB7d51AIcyzPOBOHLCEZJkmPhQ.jpg,2021-07-07,Black Widow,False,7.208,10472
89,False,/ahUaAgnkFu7QlBh5h4LCNeaSurV.jpg,"[28, 53, 878]",218,en,The Terminator,"In the post-apocalyptic future, reigning tyrannical supercomputers teleport a cyborg assassin known as the ""Terminator"" back to 1984 to kill Sarah Connor, whose unborn son is destined to lead insurgents against 21st century mechanical hegemony. Meanwhile, the human-resistance movement dispatches a lone warrior to safeguard Sarah. Can he stop the virtually indestructible killing machine?",49.984,/hzXSE66v6KthZ8nPoLZmsi2G05j.jpg,1984-10-26,The Terminator,False,7.664,13542
90,False,/euYIwmwkmz95mnXvufEmbL6ovhZ.jpg,"[28, 12, 18]",558449,en,Gladiator II,"Years after witnessing the death of the revered hero Maximus at the hands of his uncle, Lucius is forced to enter the Colosseum after his home is conquered by the tyrannical Emperors who now lead Rome with an iron fist. With rage in his heart and the future of the Empire at stake, Lucius must look to his past to find strength and honor to return the glory of Rome to its people.",57.3466,/2cxhvwyEwRlysAmRH4iodkvo0z5.jpg,2024-11-13,Gladiator II,False,6.75,3265
91,False,/lqHt4icP1GTaNBeVTxTrwTZdoAW.jpg,"[28, 53, 9648, 80]",1195430,hi,देवा,"Dev Ambre, a ruthless cop, loses his memory in an accident just after he has finished solving a murder case and now has to reinvestigate it while keeping his memory loss a secret from everyone except DCP Farhan Khan.",52.7414,/qxtXzAlEPxmjHILU8k8wduvBSdo.jpg,2025-01-31,Deva,False,6.111,45
92,False,/v9Du2HC3hlknAvGlWhquRbeifwW.jpg,"[28, 12, 53]",539972,en,Kraven the Hunter,"Kraven Kravinoff's complex relationship with his ruthless gangster father, Nikolai, starts him down a path of vengeance with brutal consequences, motivating him to become not only the greatest hunter in the world, but also one of its most feared.",56.827,/1GvBhRxY6MELDfxFrete6BNhBB5.jpg,2024-12-11,Kraven the Hunter,False,6.595,1622
93,False,/5fX1oSGuYdKgwWmUTAN5MNSQGzr.jpg,"[28, 12, 14]",209112,en,Batman v Superman: Dawn of Justice,"Fearing the actions of a god-like Super Hero left unchecked, Gotham City’s own formidable, forceful vigilante takes on Metropolis’s most revered, modern-day savior, while the world wrestles with what sort of hero it really needs. And with Batman and Superman at war with one another, a new threat quickly arises, putting mankind in greater danger than it’s ever known before.",46.5441,/5UsK3grJvtQrtzEgqNlDljJW96w.jpg,2016-03-24,Batman v Superman: Dawn of Justice,False,5.978,18237
94,False,/4mM7m9L3XlPLq4vNNy3P8yDSXNM.jpg,"[53, 80, 18]",1371202,nl,iHostage,"When a gunman enters an Apple Store in the heart of Amsterdam, the police face a delicate challenge to resolve the standoff.",47.7077,/tn3Ckxyc7OWXnhMPkiIBvqLdFC6.jpg,2025-04-18,iHostage,False,6.1,136
95,False,/o5vasl0xbZWWKQnAlaBTSgntHH2.jpg,[27],1208808,es,Turno nocturno,"A young nurse with a domestic abuse past starts working the night shift at a small hospital, where, during the night, the ghost of a nurse materializes.",53.8907,/iSSx9Bys64vlOkvkyKXtp19P7Re.jpg,2024-12-05,Turno nocturno,False,6.265,134
96,False,/kZPoR6PTQQDThvHDnmloXPa60bC.jpg,"[18, 9648, 53]",19971,en,The Little Girl Who Lives Down the Lane,"Quiet, withdrawn 13-year-old Rynn Jacobs lives peacefully in her home in a New England beach town. Whenever the prying landlady inquires after Rynn's father, she politely claims that he's in the city on business. But when the landlady's creepy and increasingly persistent son, Frank, won't leave Rynn alone, she teams up with kindly neighbor boy Mario to maintain the dark family secret that she's been keeping to herself.",51.575,/qlH7atDoN2iOmq6pNsoFIlebhgA.jpg,1976-12-25,The Little Girl Who Lives Down the Lane,False,7.0,326
97,False,/jks6QgJjsaDC5iT6bxLsSS0eo6L.jpg,"[28, 12, 14]",293167,en,Kong: Skull Island,"Explore the mysterious and dangerous home of the king of the apes as a team of explorers ventures deep inside the treacherous, primordial island.",46.1778,/r2517Vz9EhDhj88qwbDVj8DCRZN.jpg,2017-03-08,Kong: Skull Island,False,6.545,10630
98,False,/jl2YIADk391yc6Qjy9JhgCRkHJk.jpg,"[16, 18, 35]",1064486,en,Memoir of a Snail,"Forcibly separated from her twin brother when they are orphaned, a melancholic misfit learns how to find confidence within herself amid the clutter of misfortunes and everyday life.",55.1885,/57AgZv1ITeBLShiNdchZ5153evs.jpg,2024-10-17,Memoir of a Snail,False,7.98,448
99,False,/bvi7QguV3scShBGABC2eUkaBoi6.jpg,"[16, 18, 10752]",1452267,ja,cocoon～ある夏の少女たちより～,"San and Mayu are two schoolgirls living in Okinawa during the closing months of the Pacific War. Together with their classmates, the two friends are drafted into the war effort as nurses for wounded soldiers. When ordered to die for their country, the remaining members of the group escape only to face the harsh environment of a tropical paradise that has become a hellish battlefield.",47.8462,/mwTk1RsRCJNPacc0X3PWsxuHzQv.jpg,2025-03-30,Cocoon: Aru Natsu no Shoujo-tachi yori,False,6.5,2
100,False,/6OnOH5FIp0ZJQgPlu0ehDfXzVyp.jpg,"[18, 10749]",17473,en,The Room,"Johnny is a successful banker with great respect for and dedication to the people in his life, especially his future wife Lisa. The happy-go-lucky guy sees his world being torn apart when his friends begin to betray him one-by-one.",56.5156,/oGI3QSsY4XsmUzuNYUQBQDdjuaP.jpg,2003-06-27,The Room,False,4.01,1422
101,False,/iWb6Kj2qDLPXut8JEvZb2xfwILH.jpg,"[35, 18]",1086548,es,Vera y el placer de los otros,"17-year-old Vera divides her days between volleyball and school and has a good time with friends like an average teenager. She appears to be a perfect daughter who never gets into trouble. But she has a secret hobby: she anonymously rents out an empty apartment to teenagers looking for a place to have sex. She steals the keys from her distracted mother (who manages different properties) and organizes everything. The teenagers come and go, using the apartment for a few uninterrupted hours making Vera the saviour of all their needs. With that she unlocks a new world for herself – playing invisible, Vera stays behind the closed door; her own sexual desires unfolding as she listens to other people’s pleasure.",45.8379,/e0ESGyso9K95glbbnTRenFfCC7l.jpg,2024-09-26,Vera and the Pleasure of Others,False,6.632,19
102,False,/b3mdmjYTEL70j7nuXATUAD9qgu4.jpg,"[16, 14, 12]",823219,lv,Straume,"A solitary cat, displaced by a great flood, finds refuge on a boat with various species and must navigate the challenges of adapting to a transformed world together.",54.2373,/imKSymKBK7o73sajciEmndJoVkR.jpg,2024-08-29,Flow,False,8.2,1884
103,False,/7RyHsO4yDXtBv1zUU3mTpHeQ0d5.jpg,"[12, 878, 28]",299534,en,Avengers: Endgame,"After the devastating events of Avengers: Infinity War, the universe is in ruins due to the efforts of the Mad Titan, Thanos. With the help of remaining allies, the Avengers must assemble once more in order to undo Thanos' actions and restore order to the universe once and for all, no matter what consequences may be in store.",47.4529,/ulzhLuWrPK07P1YkdWQLZnQh1JL.jpg,2019-04-24,Avengers: Endgame,False,8.238,26280
104,False,/cjRUhKyt2Jo3V1KNzc5tpPNfccG.jpg,"[878, 28, 12]",320288,en,Dark Phoenix,"The X-Men face their most formidable and powerful foe when one of their own, Jean Grey, starts to spiral out of control. During a rescue mission in outer space, Jean is nearly killed when she's hit by a mysterious cosmic force. Once she returns home, this force not only makes her infinitely more powerful, but far more unstable. The X-Men must now band together to save her soul and battle aliens that want to use Grey's new abilities to rule the galaxy.",45.3661,/cCTJPelKGLhALq3r51A9uMonxKj.jpg,2019-06-06,Dark Phoenix,False,5.972,6660
105,False,/9riMLH4EOw6PZzeCDnPlIGSyiEu.jpg,"[10402, 35, 10749]",3080,en,Top Hat,"Showman Jerry Travers is working for producer Horace Hardwick in London. Jerry demonstrates his new dance steps late one night in Horace's hotel room, much to the annoyance of sleeping Dale Tremont below. She goes upstairs to complain and the two are immediately attracted to each other. Complications arise when Dale mistakes Jerry for Horace.",44.255,/qoPBiN6PBs2NsP7BNOJGCnmwruG.jpg,1935-08-29,Top Hat,False,7.266,299
106,False,/fzv87rT0jlAkh5Uf9PpIlUj6Nj8.jpg,"[28, 53, 80]",1195585,en,The Hard Hit,"An Interpol agent hunting the head of a global crime syndicate tracks his target to Las Vegas, but when the criminal organization kills his wife and daughter, he goes above the law to get his revenge.",48.2916,/whkFbOZTamHeugEG95jvQehSzAH.jpg,2023-10-20,The Hard Hit,False,6.778,18
107,False,/kXxriYfAWtMJNHGHVYr09c37L07.jpg,"[53, 878]",650033,ru,Свободное падение,"In the near future, humanity has successfully colonized space and build a giant orbital station ""Delta"". Max is a repairman working on the station. After a disaster caused by a proton storm, he is left alone without his crew members, drifting into space. His space suit is broken, he is exhausted, and he lacks communication with people. But suddenly a dispatcher named Anna comes to help. She is the only one who can guide Max through difficulties and get him to the station. Max has to risk everything to save his life, but he has no idea what Anna is up to.",60.1056,/tB66c6dnu9dG60mta8TF8zmeGJn.jpg,2025-05-14,Free Fall,False,0.0,0
108,False,/7ONMDhnErvpkKvkZqM82ud7bzcT.jpg,"[28, 12, 53]",575265,en,Mission: Impossible - The Final Reckoning,"Ethan Hunt and the IMF team continue their search for the terrifying AI known as the Entity - which has infiltrated intelligence networks all over the globe - with the world's governments and a mysterious ghost from Ethan's past on their trail. Joined by new allies and armed with the means to shut the Entity down for good, Hunt is in a race against time to prevent the world as we know it from changing forever.",54.192,/z53D72EAOxGRqdr7KXXWp9dJiDe.jpg,2025-05-17,Mission: Impossible - The Final Reckoning,False,0.0,0
109,False,/yMoEGh8kDEwqsoJumnQLwFJ9V6h.jpg,"[53, 28]",1087891,en,The Amateur,"After his life is turned upside down when his wife is killed in a London terrorist attack, a brilliant but introverted CIA decoder takes matters into his own hands when his supervisors refuse to take action.",48.8278,/SNEoUInCa5fAgwuEBMIMBGvkkh.jpg,2025-04-05,The Amateur,False,6.681,224
110,False,/pRjCDn51n9otE0AzpGRYGVWP1LB.jpg,"[27, 878]",933260,en,The Substance,"A fading celebrity decides to use a black market drug, a cell-replicating substance that temporarily creates a younger, better version of herself.",52.8871,/evdF1vmLzuzH8EFblqAXBXWRGSi.jpg,2024-10-31,The Substance,False,7.141,4512
111,False,/cJCW78MZsyyXBKHo4V25WctK00V.jpg,"[27, 28, 14]",1312833,en,A Knight's War,"A fearless knight braves a deadly realm to save the Chosen One’s soul. Facing witches, demons, and brutal foes, he discovers her return could ignite chaos and doom humanity.",44.9469,/janjdSMrTRGtPrI1p9uOX66jv7x.jpg,2025-02-07,A Knight's War,False,5.3,16
112,False,/b6ZJZHUdMEFECvGiDpJjlfUWela.jpg,"[28, 12, 878]",284054,en,Black Panther,"King T'Challa returns home to the reclusive, technologically advanced African nation of Wakanda to serve as his country's new leader. However, T'Challa soon finds that he is challenged for the throne by factions within his own country as well as without. Using powers reserved to Wakandan kings, T'Challa assumes the Black Panther mantle to join with ex-girlfriend Nakia, the queen-mother, his princess-kid sister, members of the Dora Milaje (the Wakandan 'special forces') and an American secret agent, to prevent Wakanda from being dragged into a world war.",41.8701,/uxzzxijgPIY7slzFvMotPv8wjKA.jpg,2018-02-13,Black Panther,False,7.373,22530
113,False,/eMQ8pdAgOQ3LHpyylkm5F51OChW.jpg,"[35, 10751]",28597,en,Problem Child 2,"Junior and his father, Ben, move from Cold River to Mortville. Junior becomes threatened by Ben's desire to date again and find a new mother for Junior, and sabotages each of his dates.",52.6288,/npr7j2HuRgvsKrXLIxIiXevTH8A.jpg,1991-07-03,Problem Child 2,False,5.888,622
114,False,/7cNE2qydew1c8fqnlhWjkE3DHc2.jpg,"[28, 18, 12, 10752]",927342,ta,அமரன்,"A heroic true story of Major Mukund Varadarajan, an Indian Army officer who displayed extraordinary bravery during a counterterrorism mission in Kashmir’s Shopian district. The film captures his courage in protecting his nation and the devotion of his wife Indhu Rebecaa Varghese.",47.1127,/eCB06m1KUGilEOlIzb40nkQhVY0.jpg,2024-10-31,Amaran,False,7.389,226
115,False,/sCzcYW9h55WcesOqA12cgEr9Exw.jpg,"[18, 10749]",597,en,Titanic,"101-year-old Rose DeWitt Bukater tells the story of her life aboard the Titanic, 84 years later. A young Rose boards the ship with her mother and fiancé. Meanwhile, Jack Dawson and Fabrizio De Rossi win third-class tickets aboard the ship. Rose tells the whole story from Titanic's departure through to its death—on its first and last voyage—on April 15, 1912.",45.8365,/9xjZS2rlVxm8SFx8kPC3aIGCOYQ.jpg,1997-11-18,Titanic,False,7.905,25940
116,False,/stTmJizMu8LklEIIkSu7NqHchdH.jpg,"[35, 10749]",19053,en,Valley Girl,"Julie, a girl from the valley, meets Randy, a punk from the city. They are from different worlds and find love. Somehow they need to stay together in spite of her trendy, shallow friends.",40.7072,/mQSrU9jerYSIOWeLBqFA1gcUU59.jpg,1983-04-08,Valley Girl,False,6.01,241
117,False,/iRJnw5OpueLhrYMnCxdydogVHUg.jpg,"[53, 18, 878]",450465,en,Glass,"In a series of escalating encounters, former security guard David Dunn uses his supernatural abilities to track Kevin Wendell Crumb, a disturbed man who has twenty-four personalities. Meanwhile, the shadowy presence of Elijah Price emerges as an orchestrator who holds secrets critical to both men.",38.8303,/svIDTNUoajS8dLEo7EosxvyAsgJ.jpg,2019-01-16,Glass,False,6.663,8639
118,False,/k24eZq5I3jyz4htPkZCRpnUmBzE.jpg,"[10749, 18]",1156593,es,Culpa tuya,The love between Noah and Nick seems unwavering despite their parents' attempts to separate them. But his job and her entry into college open up their lives to new relationships that will shake the foundations of both their relationship and the Leister family itself.,45.7963,/1sQA7lfcF9yUyoLYC0e6Zo3jmxE.jpg,2024-12-26,Your Fault,False,7.147,1225
119,False,/1n00NlOGRFZVs8coBxyZLm5l4EC.jpg,"[28, 12, 878]",335988,en,Transformers: The Last Knight,"Humans and Transformers are at war. Optimus Prime is gone. The key to saving our future lies buried in the secrets of the past, in the hidden history of Transformers on Earth. Saving our world falls upon the shoulders of an unlikely alliance: Cade Yeager; Bumblebee; an English Lord; and an Oxford Professor.",38.8816,/s5HQf2Gb3lIO2cRcFwNL9sn1o1o.jpg,2017-06-16,Transformers: The Last Knight,False,6.054,6350
120,False,/m2mzlsJjE3UAqeUB5fLUkpWg4Iq.jpg,"[53, 878]",1165067,en,Cosmic Chaos,"Battles in virtual reality, survival in a post-apocalyptic wasteland, a Soviet spaceship giving a distress signal - Fantastic stories created with advanced special effects and passion.",42.9068,/mClzWv7gBqgXfjZXp49Enyoex1v.jpg,2023-08-03,Cosmic Chaos,False,6.064,47
121,False,/lsgT602GYV8ts97sKH1gWFtQs1k.jpg,"[16, 12, 35, 10751, 14]",1104845,en,Plankton: The Movie,Plankton's tangled love story with his sentient computer wife goes sideways when she takes a stand — and decides to destroy the world without him.,44.2666,/hGaUNLF5VZbg9ovPTyjm9Rv5xWz.jpg,2025-03-07,Plankton: The Movie,False,6.715,93
122,False,/hD2SN5bbqxk0kcRmsATJkXObgnZ.jpg,"[28, 80, 14, 53]",1405338,ja,Demon City 鬼ゴロシ,"Framed for his family's murder and left for dead, an ex-hitman will stop at nothing to exact revenge on the masked ""demons"" who have taken over his city.",44.2074,/g5PqsFFrayyRL1Ldgib2lMYuJXg.jpg,2025-02-27,Demon City,False,6.923,221
123,False,/p5ozvmdgsmbWe0H8Xk7Rc8SCwAB.jpg,"[16, 12, 35, 10751]",1022789,en,Inside Out 2,"Teenager Riley's mind headquarters is undergoing a sudden demolition to make room for something entirely unexpected: new Emotions! Joy, Sadness, Anger, Fear and Disgust, who’ve long been running a successful operation by all accounts, aren’t sure how to feel when Anxiety shows up. And it looks like she’s not alone.",43.22,/vpnVM9B6NMmQpWeZvzLvDESb2QY.jpg,2024-06-11,Inside Out 2,False,7.556,5788
124,False,/1pmXyN3sKeYoUhu5VBZiDU4BX21.jpg,"[16, 878, 10751]",1184918,en,The Wild Robot,"After a shipwreck, an intelligent robot called Roz is stranded on an uninhabited island. To survive the harsh environment, Roz bonds with the island's animals and cares for an orphaned baby goose.",46.6017,/wTnV3PCVW5O92JMrFvvrRcV39RU.jpg,2024-09-12,The Wild Robot,False,8.3,4818
125,False,/l6kyqzzfY2AaZxk7fzgJqAF4KbD.jpg,"[10402, 35, 99]",1012290,en,South Park: The 25th Anniversary Concert,"Trey Parker and Matt Stone celebrate South Park's 25th anniversary with a concert in Colorado, featuring Primus and Ween.",42.6181,/awZ6LARNXh1hmZyn9XY6WMlkaR4.jpg,2022-08-14,South Park: The 25th Anniversary Concert,False,8.219,48
126,False,/poWMPKjfUDO96dm1lA3hvbHLbdb.jpg,[18],1377424,ml,വിക്ടോറിയ,"Victoria, a young beautician in a suburban beauty parlour, decides to elope with her Hindu boyfriend after a fierce clash with her conservative Catholic parents. Amidst the turmoil, a neighbour asks her to temporarily house an offering rooster destined for a festival at St. George church inside the parlour. Juggling the rooster's antics, unexpected clients, and her boyfriend's uncertainty, Victoria grapples with conflicting emotions leading to a day of intense personal and spiritual revelations.",42.8056,/hw09PdM2o7pF1zxn1pM8NTMPzno.jpg,2024-12-14,Victoria,False,5.0,1
127,False,/hrED8MSOn4xJP9Cpk7WomUcFKGI.jpg,"[27, 878]",229,en,Bride of Frankenstein,"Dr. Frankenstein and his monster both turn out to be alive, not killed as previously believed. Dr. Frankenstein wants to get out of the evil experiment business, but when a mad scientist, Dr. Pretorius, kidnaps his wife, Dr. Frankenstein agrees to help him create a new creature.",51.665,/oCiHPp7ZiVFjdawRXAmhW1RTetn.jpg,1935-04-20,Bride of Frankenstein,False,7.504,1011
128,False,/qwK9soQmmJ7kRdjLZVXblw3g7AQ.jpg,"[28, 12, 53, 80]",7451,en,xXx,"Xander Cage is your standard adrenaline junkie with no fear and a lousy attitude. When the US Government ""recruits"" him to go on a mission, he's not exactly thrilled. His mission: to gather information on an organization that may just be planning the destruction of the world, led by the nihilistic Yorgi.",44.4031,/xeEw3eLeSFmJgXZzmF2Efww0q3s.jpg,2002-08-09,xXx,False,5.938,4402
129,False,/zfbjgQE1uSd9wiPTX4VzsLi0rGG.jpg,"[18, 80]",278,en,The Shawshank Redemption,"Imprisoned in the 1940s for the double murder of his wife and her lover, upstanding banker Andy Dufresne begins a new life at the Shawshank prison, where he puts his accounting skills to work for an amoral warden. During his long stretch in prison, Dufresne comes to be admired by the other inmates -- including an older prisoner named Red -- for his integrity and unquenchable sense of hope.",41.8985,/9cqNxx0GxF0bflZmeSMuL5tnGzr.jpg,2012-05-28,The Shawshank Redemption,False,8.709,28220
130,False,/rKTRky21Sk5jpfMBUeHYamqshkt.jpg,"[16, 28, 878]",1103432,ja,BLOODY ESCAPE -地獄の逃走劇-,"After being turned into a cyborg, Kisaragi faces pursuit from vampires and vengeful yakuza.",39.1292,/lWKtVX5oEgcLbMYMaWiyes6c4IB.jpg,2024-01-05,Bloody Escape: Bats out of Hell,False,5.333,3
131,False,/roYyPiQDQKmIKUEhO912693tSja.jpg,"[27, 18, 878]",447332,en,A Quiet Place,A family is forced to live in silence while hiding from creatures that hunt by sound.,53.82,/nAU74GmpUk7t5iklEp3bufwDq4n.jpg,2018-04-03,A Quiet Place,False,7.399,14512
132,False,/8lBViysvNJBPkl6zG1LVAaW3qhj.jpg,"[28, 12, 53]",206647,en,Spectre,"A cryptic message from Bond’s past sends him on a trail to uncover a sinister organization. While M battles political forces to keep the secret service alive, Bond peels back the layers of deceit to reveal the terrible truth behind SPECTRE.",36.485,/zj8ongFhtWNsVlfjOGo8pSr7PQg.jpg,2015-11-05,Spectre,False,6.558,10698
133,False,/nvuaUT8kDUyjsRUcNemwuJjTVWD.jpg,"[10752, 53]",21735,en,49th Parallel,"In the early days of World War II, a German U-boat is sunk in Canada's Hudson Bay. Hoping to evade capture, a small band of German soldiers led by commanding officer Lieutenant Hirth attempts to cross the border into the United States, which has not yet entered the war and is officially neutral. Along the way, the German soldiers encounter brave men such as a French-Canadian fur trapper, Johnnie, a leader of a Hutterite farming community, Peter, an author, Philip and a soldier, Andy Brock.",44.0348,/m4YTQv9fHYB2nZ7M2Al6wzOmrYe.jpg,1941-11-24,49th Parallel,False,6.94,109
134,False,/sc1abgWNXc29wSBaerrjGBih06l.jpg,"[27, 878, 53]",1084199,en,Companion,"During a weekend getaway at a secluded lakeside estate, a group of friends finds themselves entangled in a web of secrets, deception, and advanced technology. As tensions rise and loyalties are tested, they uncover unsettling truths about themselves and the world around them.",46.4303,/oCoTgC3UyWGfyQ9thE10ulWR7bn.jpg,2025-01-22,Companion,False,7.069,1180
135,False,/9lzBxaGXQ2Uy62caE1pzEnDko1h.jpg,"[28, 80, 10749]",319,en,True Romance,"Clarence marries hooker Alabama, steals cocaine from her pimp, and tries to sell it in Hollywood, while the owners of the coke try to reclaim it.",40.411,/39lXk6ud6KiJgGbbWI2PUKS7y2.jpg,1993-09-09,True Romance,False,7.545,2808
136,False,/w1SjvuBifhtFwe3BSssXXFyV6bk.jpg,"[10751, 35, 12, 16]",774370,en,Dog Man,"When a faithful police dog and his human police officer owner are injured together on the job, a harebrained but life-saving surgery fuses the two of them together and Dog Man is born. Dog Man is sworn to protect and serve—and fetch, sit and roll over. As Dog Man embraces his new identity and strives to impress his Chief, he must stop the pretty evil plots of feline supervillain Petey the Cat.",42.8896,/89wNiexZdvLQ41OQWIsQy4O6jAQ.jpg,2025-01-24,Dog Man,False,7.8,229
137,False,/vxJ08SvwomfKbpboCWynC3uqUg4.jpg,"[14, 18, 80]",497,en,The Green Mile,"A supernatural tale set on death row in a Southern prison, where gentle giant John Coffey possesses the mysterious power to heal people's ailments. When the cell block's head guard, Paul Edgecomb, recognizes Coffey's miraculous gift, he tries desperately to help stave off the condemned man's execution.",37.4821,/8VG8fDNiy50H4FedGwdSVUPoaJe.jpg,2007-08-07,The Green Mile,False,8.504,18048
138,False,/6J259Zuq09Bt2PLUNeTS5a3DwLZ.jpg,"[28, 35, 53]",1212855,en,Fight or Flight,A mercenary takes on the job of tracking down a target on a plane but must protect her when they're surrounded by people trying to kill both of them.,39.8901,/x4nWnfgJvL045rcUCSJzfgIIY9i.jpg,2025-04-03,Fight or Flight,False,5.7,60
139,False,/AuV99eQivVWuk2AOSM6hYh9QRPQ.jpg,"[12, 10751, 14]",411,en,"The Chronicles of Narnia: The Lion, the Witch and the Wardrobe","Siblings Lucy, Edmund, Susan and Peter step through a magical wardrobe and find the land of Narnia. There, they discover a charming, once peaceful kingdom that has been plunged into eternal winter by the evil White Witch, Jadis. Aided by the wise and magnificent lion, Aslan, the children lead Narnia into a spectacular, climactic battle to be free of the Witch's glacial powers forever.",40.2363,/iREd0rNCjYdf5Ar0vfaW32yrkm.jpg,2005-12-07,"The Chronicles of Narnia: The Lion, the Witch and the Wardrobe",False,7.133,10899
140,False,/uJK0jjJ8QDOQw5lcNBwu059ht4D.jpg,"[10749, 18]",1294203,en,My Fault: London,"18-year-old Noah moves from America to London, with her mother who's recently fallen in love with William, a wealthy British businessman. Noah meets William’s son, bad-boy Nick, and soon discovers there is an attraction between them neither can avoid. As Noah spends the summer adjusting to her new life, her devastating past will catch up with her while falling in love for the first time.",42.317,/ttN5D6GKOwKWHmCzDGctAvaNMAi.jpg,2025-02-12,My Fault: London,False,7.457,381
141,False,/sRvXNDItGlWCqtO3j6wks52FmbD.jpg,"[16, 35, 14, 12, 10751]",808,en,Shrek,"It ain't easy bein' green -- especially if you're a likable (albeit smelly) ogre named Shrek. On a mission to retrieve a gorgeous princess from the clutches of a fire-breathing dragon, Shrek teams up with an unlikely compatriot -- a wisecracking donkey.",41.4519,/EKERKucZeBrkrR8xLDTkr5FeDc.jpg,2001-05-18,Shrek,False,7.75,17637
142,False,/6G2fLCVm9fiLyHvBrccq6GSe2ih.jpg,"[28, 12, 878]",284053,en,Thor: Ragnarok,"Thor is imprisoned on the other side of the universe and finds himself in a race against time to get back to Asgard to stop Ragnarok, the destruction of his home-world and the end of Asgardian civilization, at the hands of a powerful new threat, the ruthless Hela.",33.7292,/rzRwTcFvttcN1ZpX2xv4j3tSdJu.jpg,2017-10-02,Thor: Ragnarok,False,7.584,21093
143,False,/nqUThBjou0TAWXu93Q4SNFpgqai.jpg,"[28, 12, 878]",634649,en,Spider-Man: No Way Home,"Peter Parker is unmasked and no longer able to separate his normal life from the high-stakes of being a super-hero. When he asks for help from Doctor Strange the stakes become even more dangerous, forcing him to discover what it truly means to be Spider-Man.",43.2191,/1g0dhYtq4irTY1GPXvft6k4YLjm.jpg,2021-12-16,Spider-Man: No Way Home,False,7.945,20717
144,False,/kQ35sVT8EBlsX9yilHi1zP4jd3l.jpg,"[35, 18]",1226572,hi,सुपरबॉय्ज़ ऑफ मालेगाँव,"The residents of Malegaon look to Bollywood cinema for a much-needed escape from daily drudgery. Amateur filmmaker Nasir Shaikh gets inspired to make a film for the people of Malegaon, by the people of Malegaon. He bands together his ragtag group of friends to bring his vision to life, thereby bringing a fresh lease of life into the town.",36.579,/l5PDjfWpC9uY5HdF5cbsJ4wjqoq.jpg,2025-02-28,Superboys of Malegaon,False,7.867,15
145,False,/zb6fM1CX41D9rF9hdgclu0peUmy.jpg,"[18, 36, 10752]",424,en,Schindler's List,The true story of how businessman Oskar Schindler saved over a thousand Jewish lives from the Nazis while they worked as slaves in his factory during World War II.,43.5047,/sF1U4EUQS8YHUYjNl3pMGNIQyr0.jpg,2019-02-20,Schindler's List,False,8.565,16400
146,False,/gF1BbDac7ONryE5jezRzXVe31Ud.jpg,"[27, 9648, 53]",3600,en,I Still Know What You Did Last Summer,"Ever since killing the Fisherman one year ago, Julie James is still haunted by images of him after her. When her best friend Karla wins free tickets to the Bahamas, Julie finds this a perfect opportunity to finally relax. But someone is waiting for her. Someone who she thought was dead. Someone who is out again for revenge.",32.4935,/motBJIO921LFZkoGKCSbmSCVHBc.jpg,1998-11-13,I Still Know What You Did Last Summer,False,5.357,1527
147,False,/bHHyjodPqQVlNiRR9g6L5ar5JOy.jpg,"[14, 18, 10751]",13765,en,Scrooge,A musical adaptation of Charles Dickens' classic ghost tale starring Albert Finney.,43.3247,/eadjJGFdbZdhXSjtokmay7NjVHi.jpg,1970-11-05,Scrooge,False,6.884,146
148,False,/bfh9Z3Ghz4FOJAfLOAhmc3ccnHU.jpg,"[12, 14]",671,en,Harry Potter and the Philosopher's Stone,"Harry Potter has lived under the stairs at his aunt and uncle's house his whole life. But on his 11th birthday, he learns he's a powerful wizard—with a place waiting for him at the Hogwarts School of Witchcraft and Wizardry. As he learns to harness his newfound powers with the help of the school's kindly headmaster, Harry uncovers the truth about his parents' deaths—and about the villain who's to blame.",40.1389,/wuMc08IPKEatf9rnMNXvIDxqP4W.jpg,2001-11-16,Harry Potter and the Philosopher's Stone,False,7.902,28151
149,False,/k1YVyPL1ZvEXAOeBvNEuPweA3XY.jpg,[35],2609,en,"Planes, Trains and Automobiles","An irritable marketing executive, Neal Page, is heading home to Chicago for Thanksgiving when a number of delays force him to travel with a well meaning but overbearing shower curtain ring salesman, Del Griffith.",34.2531,/3RSucVsX96Ste8WDJfZP1hbNGqQ.jpg,1987-11-26,"Planes, Trains and Automobiles",False,7.3,1993
150,False,/iJaSpQNZ8GsqVDWfbCXmyZQXZ5l.jpg,"[27, 878]",945961,en,Alien: Romulus,"While scavenging the deep ends of a derelict space station, a group of young space colonizers come face to face with the most terrifying life form in the universe.",43.178,/b33nnKl1GSFbao4l3fZDDqsMx0F.jpg,2024-08-15,Alien: Romulus,False,7.206,3575
151,False,/nhx0ttmAS2w8e6hyIcKoNvgHoix.jpg,"[27, 53, 14]",1020414,en,Peter Pan's Neverland Nightmare,"Wendy Darling strikes out in an attempt to rescue her brother Michael from the clutches of the evil Peter Pan who intends to send him to Neverland. Along the way she meets a twisted Tinkerbell, who is hooked on what she thinks is fairy dust.",36.4603,/mOR1Ks0EcXocwMV4EPv4letz0F5.jpg,2025-01-13,Peter Pan's Neverland Nightmare,False,4.932,59
152,False,/rOmUuQEZfPXglwFs5ELLLUDKodL.jpg,"[28, 35, 14]",845781,en,Red One,"After Santa Claus (codename: Red One) is kidnapped, the North Pole's Head of Security must team up with the world's most infamous tracker in a globe-trotting, action-packed mission to save Christmas.",38.7809,/cdqLnri3NEGcmfnqwk2TSIYtddg.jpg,2024-10-31,Red One,False,7.1,2472
153,False,/7wKnf6ILtRmKXV8eJWk0P6ZXnQ.jpg,"[27, 9648]",574475,en,Final Destination Bloodlines,"Plagued by a violent recurring nightmare, college student Stefanie heads home to track down the one person who might be able to break the cycle and save her family from the grisly demise that inevitably awaits them all.",43.6219,/cAoktVUBhGyULRoxV6mZ2LB3x7I.jpg,2025-05-09,Final Destination Bloodlines,False,0.0,0
154,False,/eVHVwP71el20fofkCHo78ebQv7Q.jpg,"[28, 12, 35, 80, 53, 878]",343668,en,Kingsman: The Golden Circle,"When an attack on the Kingsman headquarters takes place and a new villain rises, Eggsy and Merlin are forced to work together with the American agency known as the Statesman to save the world.",32.4341,/34xBL6BXNYFqtHO9zhcgoakS4aP.jpg,2017-09-21,Kingsman: The Golden Circle,False,6.958,10592
155,False,/cJvUJEEQ86LSjl4gFLkYpdCJC96.jpg,"[10752, 28]",1241436,en,Warfare,"A platoon of Navy SEALs embarks on a dangerous mission in Ramadi, Iraq, with the chaos and brotherhood of war retold through their memories of the event.",35.1386,/oXsDTDt1MqxJreROd2cbd2FMOZ2.jpg,2025-04-09,Warfare,False,7.3,63
156,False,/opNdWurarqYxrzqpVRPyZrbWb3K.jpg,"[27, 53, 9648]",1029880,da,Nattevagten - Dæmoner går i arv,"Martin's daughter, Emma, takes up a night watch job to find out what happened to her parents almost thirty years ago. A meeting with Wörmer in his cell pulls the serial killer out of his coma and sets in motion a chain of fateful events.",37.815,/7Bj9qbmTiBdOmVlHeQqoEjsDxul.jpg,2023-12-14,Nightwatch: Demons Are Forever,False,6.041,61
157,False,/7t7IQhdA5rO8jhinE3ig258hqlf.jpg,"[10749, 35, 14, 27]",988402,fr,Vampire humaniste cherche suicidaire consentant,"Sasha is a young vampire with a serious problem: she's too sensitive to kill. When her exasperated parents cut off her blood supply, Sasha's life is in jeopardy. Luckily, she meets Paul, a lonely teenager with suicidal tendencies who is willing to give his life to save hers. But their friendly agreement soon becomes a nocturnal quest to fulfill Paul's last wishes before day breaks.",34.5943,/m5OItLBY5T38ew1YI4VSIXjl5G2.jpg,2023-10-13,Humanist Vampire Seeking Consenting Suicidal Person,False,7.388,255
158,False,/Ar7QuJ7sJEiC0oP3I8fKBKIQD9u.jpg,"[28, 18, 12]",98,en,Gladiator,"After the death of Emperor Marcus Aurelius, his devious son takes power and demotes Maximus, one of Rome's most capable generals who Marcus preferred. Eventually, Maximus is forced to become a gladiator and battle to the death against other men for the amusement of paying audiences.",37.8837,/ty8TGRuvJLPUmAR1H1nRIsgwvim.jpg,2016-01-07,Gladiator,False,8.219,19627
159,False,/9OO6I25MHhCDd0XwNk4oZl0fpwB.jpg,"[28, 18]",1261050,da,De lydløse,"In 2008, a group of men from Denmark and across Europe pull off the biggest heist of all time on Danish soil. Kasper, a boxer with few chances left in life, is offered the opportunity to plan the robbery by its foreign initiators.",36.3332,/7NLY1jNwtZX1yVzwVoBeAhaBE8i.jpg,2024-10-31,The Quiet Ones,False,5.83,44
160,False,/dXoBFj9Yl9HDRcDVQubkuVCh26N.jpg,"[28, 35]",1160956,zh,熊猫计划,"International action star Jackie Chan is invited to the adoption ceremony of a rare baby panda, but after an international crime syndicate attempts to kidnap the bear, Jackie has to save the bear using his stunt work skills.",37.7511,/8iMPQl13q89jQhaA5nXb6UiT0t0.jpg,2024-10-01,Panda Plan,False,6.877,187
161,False,/3q01ACG0MWm0DekhvkPFCXyPZSu.jpg,"[28, 35, 80, 53, 12]",573435,en,Bad Boys: Ride or Die,"After their late former Captain is framed, Lowrey and Burnett try to clear his name, only to end up on the run themselves.",36.7642,/oGythE98MYleE6mZlGs5oBGkux1.jpg,2024-05-22,Bad Boys: Ride or Die,False,7.4,2866
162,False,/8rpDcsfLJypbO6vREc0547VKqEv.jpg,"[878, 12, 28]",76600,en,Avatar: The Way of Water,"Set more than a decade after the events of the first film, learn the story of the Sully family (Jake, Neytiri, and their kids), the trouble that follows them, the lengths they go to keep each other safe, the battles they fight to stay alive, and the tragedies they endure.",37.5567,/t6HIqrRAclMCA60NsSmeqe9RmNV.jpg,2022-12-15,Avatar: The Way of Water,False,7.611,12505
163,False,/8U1xsLUtWSN8WlH0xzwYGZxHMUi.jpg,[35],1304594,es,Una pequeña confusión,"Lola and Cuau, a progressive middle-class pair, and Iñigo and Majo, a young conservative, well-heeled duo, turn to artificial insemination as a last resort to have children. In a madcap twist based on actual events, a mix-up at the clinic results in each mom-to-be carrying the other one's baby.",36.4638,/ApXr9phfcvIX06tLGhxOH2kmndb.jpg,2024-12-25,Una pequeña confusión,False,7.47,66
164,False,/qab3t7IsPygLnqQbdtjAyLmbNy6.jpg,"[10749, 35, 18]",1294947,es,Déjame estar contigo,"Lucía lives with an incurable disease, and Bruno was deported to Mexico with no place to sleep. An unexpected phone call brings them together in an emotional story of overcoming, reconstruction and hope.",41.3588,/g7CoOjbpKO9tAbQhyJgOB6iwrqV.jpg,2025-01-12,Déjame estar contigo,False,7.433,15
165,False,/y73agOAJDvO48WbvuRt4rZrcFw3.jpg,"[10749, 18]",829557,pl,365 dni: Ten dzień,"Laura and Massimo are back and hotter than ever. But the reunited couple's new beginning is complicated by Massimo’s family ties and a mysterious man who enters Laura’s life to win her heart and trust, at any cost.",34.9609,/iLmG3HCXVyqXYbFvUO1rfOeGa3Z.jpg,2022-04-27,365 Days: This Day,False,5.9,1702
166,False,,[35],968171,ja,性教育ママ,"An erotic comedy depicting the sex adventures of  young wives living in an apartment complex, that are not satisfied with just having sex with their husbands.",35.2926,/xghWMg0pkBOdLHCTESyeyHU68wl.jpg,1973-11-20,Sex Education Mistresses,False,5.9,5
167,False,/8sNiAPPYU14PUepFNeSNGUTiHW.jpg,"[12, 18, 878]",157336,en,Interstellar,The adventures of a group of explorers who make use of a newly discovered wormhole to surpass the limitations on human space travel and conquer the vast distances involved in an interstellar voyage.,34.4253,/gEU2QniE6E77NI6lCU6MxlNBvIx.jpg,2014-11-06,Interstellar,False,8.454,37038
168,False,/hlfu6g0h0D65SjkVhQBU20zePTl.jpg,"[28, 12, 14, 16]",1357633,ja,俺だけレベルアップな件 -ReAwakening-,"Over a decade after 'gates' connecting worlds appeared, awakening 'hunters' with superpowers, weakest hunter Sung Jinwoo encounters a double dungeon and accepts a mysterious quest, becoming the only one able to level up, changing his fate. A catch-up recap of the first season coupled with an exclusive sneak peek of the first two episodes of the highly anticipated second season in one momentous theatrical fan experience.",34.149,/dblIFen0bNZAq8icJXHwrjfymDW.jpg,2024-11-26,Solo Leveling -ReAwakening-,False,7.0,185
169,False,/8btfz81bOJ2lC7cujYBTw03wzg3.jpg,"[16, 14, 12]",980477,zh,哪吒之魔童闹海,"Following the Tribulation, although the souls of Ne Zha and Ao Bing were preserved, their physical bodies will soon be destroyed. Tai Yi Zhen Ren plans to use the Seven Colored Lotus to reshape their physical forms, but encounters numerous difficulties. What will become of Ne Zha and Ao Bing?",35.7848,/5lUmWTGkEcYnXujixXn31o9q2T0.jpg,2025-01-29,Ne Zha 2,False,7.9,162
170,False,/icmmSD4vTTDKOq2vvdulafOGw93.jpg,"[28, 878]",603,en,The Matrix,"Set in the 22nd century, The Matrix tells the story of a computer hacker who joins a group of underground insurgents fighting the vast and powerful computers who now rule the earth.",37.8439,/dXNAPwY7VrqMAo51EKhhCJfaGb5.jpg,2016-01-07,The Matrix,False,8.224,26316
171,False,/elZZLzhDzjRIIkGcIK0FGmZSUaq.jpg,"[28, 12, 35]",979660,en,Freaky Tales,"In 1987 Oakland, a mysterious force guides The Town's underdogs in four interconnected tales: teen punks defend their turf against Nazi skinheads, a rap duo battles for hip-hop immortality, a weary henchman gets a shot at redemption, and an NBA All-Star settles the score.",34.7383,/lo5mfglsGeMYmAkSRXs9DATNJxk.jpg,2025-04-04,Freaky Tales,False,6.8,38
172,False,/6WA9stUMbIkEPxn3D5SWlA8FIi7.jpg,"[28, 12, 878, 53]",351286,en,Jurassic World: Fallen Kingdom,"Three years after Jurassic World was destroyed, Isla Nublar now sits abandoned. When the island's dormant volcano begins roaring to life, Owen and Claire mount a campaign to rescue the remaining dinosaurs from this extinction-level event.",31.4617,/270MrJNqJovumHXGE6SSt0zwUIF.jpg,2018-06-06,Jurassic World: Fallen Kingdom,False,6.537,12031
173,False,/cBTwQKMd7Vn6rGTGBtoFLIfj7uM.jpg,"[16, 12, 28, 14]",1147416,fr,"Miraculous World : Londres, la course contre le temps","To save the future from a terrible fate, Marinette becomes Chronobug and teams up with Bunnyx to defeat a mysterious opponent who travels through time. Who is this new supervillain, and why are they obsessed with exposing Marinette's secret superhero identity? Marinette's only hope is to defeat her new opponent to prevent the end of Ladybug and time itself!",35.5764,/6AtoMpHvs9pxd30KsyK8QmJ9W9M.jpg,2024-11-14,"Miraculous World: London, At the Edge of Time",False,7.34,253
174,False,/bA4Io3xv46oEyP4O51uU0EKbluF.jpg,"[28, 80]",995926,ko,베테랑 2,"The veteran detective Seo Do-cheol and his team at Major Crimes, relentless in their pursuit of criminals, join forces with rookie cop Park Sun-woo to track down a serial killer who has plunged the nation into turmoil.",34.0088,/gAtP0usArK5gVOBObnsENKLwML8.jpg,2024-09-13,"I, the Executioner",False,7.008,62
175,False,/5rrGVmRUuCKVbqUu41XIWTXJmNA.jpg,"[12, 14]",674,en,Harry Potter and the Goblet of Fire,"When Harry Potter's name emerges from the Goblet of Fire, he becomes a competitor in a grueling battle for glory among three wizarding schools—the Triwizard Tournament. But since Harry never submitted his name for the Tournament, who did? Now Harry must confront a deadly dragon, fierce water demons and an enchanted maze only to find himself in the cruel grasp of He Who Must Not Be Named.",34.8695,/fECBtHlr0RB3foNHDiCBXeg9Bv9.jpg,2005-11-16,Harry Potter and the Goblet of Fire,False,7.802,21140
176,False,/h6g3bziXf9D9ieZlik0bwB56sjk.jpg,"[80, 53, 35, 18]",11826,en,Sexy Beast,"Ex-safecracker Gal Dove has served his time behind bars and is blissfully retired to a Spanish villa paradise with a wife he adores. The idyll is shattered by the arrival of his nemesis Don Logan, intent on persuading Gal to return to London for one last big job.",38.5642,/9OlmWIEuSec27HiOPuMJASnff6f.jpg,2000-09-13,Sexy Beast,False,6.989,807
177,False,/hZkgoQYus5vegHoetLkCJzb17zJ.jpg,[18],550,en,Fight Club,"A ticking-time-bomb insomniac and a slippery soap salesman channel primal male aggression into a shocking new form of therapy. Their concept catches on, with underground ""fight clubs"" forming in every town, until an eccentric gets in the way and ignites an out-of-control spiral toward oblivion.",36.2691,/pB8BM7pdSp6B6Ih7QZ4DrQ3PmJK.jpg,2009-11-23,Fight Club,False,8.439,30209
178,False,/qJzloL8O9YHhiWBrhlPfKAtZu2I.jpg,"[28, 878]",557,en,Spider-Man,"After being bitten by a genetically altered spider at Oscorp, nerdy but endearing high school student Peter Parker is endowed with amazing powers to become the superhero known as Spider-Man.",34.6714,/gh4cZbhZxyTbgxQPxD0dOudNPTn.jpg,2002-05-01,Spider-Man,False,7.309,19563
179,False,/hqNspYtGVGuLDO15JORh44H7VOV.jpg,"[18, 53, 80]",1079311,fr,Le Royaume,"Teenage Lesia is taken by a man to a villa where her fugitive father and his men are hiding. A war erupts, leading to death and a chase where father and daughter bond.",27.1548,/6sR2P5P5SE8wZwMsfsLCO7J7Drp.jpg,2024-11-13,The Kingdom,False,7.125,44
